{
  "success": true,
  "score": 23.114158640340953,
  "scoreJson": {
    "CMeEE-V2-Micro-F1": 0.3237992444684295,
    "CMeIE-V2-Micro-F1": 0,
    "CHIP-CDN-Micro-F1": 48.41628959276019,
    "CHIP-CDEE-Micro-F1": 0.4069175991861649,
    "IMCS-V2-NER-Micro-F1": 2.622950819672131,
    "CHIP-MDCFNPC-Micro-F1": 4.835663014733662,
    "IMCS-V2-SR-Micro-F1": 0,
    "IMCS-V2-DAC-Macro-F1": 22.081044066005603,
    "IMCS-V2-MRG-RougeL": 24.021524290602876,
    "CHIP-CTC-Macro-F1": 36.76291147557712,
    "CHIP-STS-Micro-F1": 55.09530565886307,
    "KUAKE-IR-Micro-F1": 65.79721231680514,
    "KUAKE-QIC-Macro-F1": 52.233489253625635,
    "KUAKE-QQR-Micro-F1": 49.49219372894869,
    "KUAKE-QTR-Micro-F1": 36.544270427520175,
    "MedDG-RougeL": 11.255206298852329,
    "Text2DT-TreeLenvRatio": 6.166077738515896,
    "CMedCausal-Micro-F1": 0,
    "score": 23.114158640340953
  }
}