{
  "success": true,
  "score": 7.53238742007212,
  "scoreJson": {
    "CMeEE-V2-Micro-F1": 0,
    "CMeIE-V2-Micro-F1": 0,
    "CHIP-CDN-Micro-F1": 15.931721194879092,
    "CHIP-CDEE-Micro-F1": 0,
    "IMCS-V2-NER-Micro-F1": 0,
    "CHIP-MDCFNPC-Micro-F1": 1.2915129151291513,
    "IMCS-V2-SR-Micro-F1": 0,
    "IMCS-V2-DAC-Macro-F1": 0.32704489751000676,
    "IMCS-V2-MRG-RougeL": 24.985872822105975,
    "CHIP-CTC-Macro-F1": 1.2968021628179502,
    "CHIP-STS-Micro-F1": 27.906534772182255,
    "KUAKE-IR-Micro-F1": 19.680777013354916,
    "KUAKE-QIC-Macro-F1": 0.8096104456081089,
    "KUAKE-QQR-Micro-F1": 15.848190916856137,
    "KUAKE-QTR-Micro-F1": 15.433038120908742,
    "MedDG-RougeL": 5.905790561429933,
    "Text2DT-TreeLenvRatio": 6.166077738515896,
    "CMedCausal-Micro-F1": 0,
    "score": 7.53238742007212
  }
}